repo,pr,author_type,mean_file_heat,num_files_changed,task_type,merge_date
liam-hq/liam,2224,AI,6.5,2,feat,2025-06-26T05:38:34Z
liam-hq/liam,2258,Human,1.0,1,feat,2025-06-27T09:02:18Z
Shopify/roast,76,AI,2.0,1,feat,2025-05-24T17:34:31Z
Shopify/roast,266,Human,6.2857,7,feat,2025-06-17T02:52:42Z
mlflow/mlflow,16449,AI,3.5,2,fix,2025-06-25T12:35:55Z
mlflow/mlflow,16458,Human,2.0,1,fix,2025-06-26T03:15:37Z
Significant-Gravitas/AutoGPT,10340,AI,2.5,2,feat,2025-07-18T03:20:54Z
Significant-Gravitas/AutoGPT,10196,Human,7.0,4,feat,2025-06-19T16:20:53Z
jlowin/fastmcp,870,AI,1.5,2,feat,2025-06-19T22:15:36Z
jlowin/fastmcp,748,Human,18.25,4,feat,2025-06-11T00:47:43Z
liam-hq/liam,2454,AI,2.0,1,feat,2025-07-10T02:27:03Z
liam-hq/liam,2084,Human,1.5,6,feat,2025-06-19T09:37:15Z
Shopify/roast,244,AI,56.0,1,feat,2025-06-13T17:52:51Z
Shopify/roast,74,Human,4.7273,11,feat,2025-05-26T19:09:27Z
rishikanthc/Scriberr,70,AI,2.1667,6,fix,2025-03-05T14:57:34Z
rishikanthc/Scriberr,77,Human,11.75,4,fix,2025-03-07T03:39:43Z
elizaOS/eliza,5490,AI,10.5,2,fix,2025-07-09T08:35:49Z
elizaOS/eliza,5091,Human,2.0,2,fix,2025-06-12T15:52:43Z
elizaOS/eliza,5565,AI,8.0,1,feat,2025-07-15T07:04:07Z
elizaOS/eliza,5167,Human,5.0,1,feat,2025-06-18T17:31:12Z
sam-goodwin/alchemy,406,AI,2.0,1,feat,2025-06-17T22:05:48Z
sam-goodwin/alchemy,280,Human,3.5,2,feat,2025-06-05T06:26:24Z
razimantv/mazegenerator,13,AI,1.0,4,feat,2025-06-27T17:46:56Z
razimantv/mazegenerator,12,Human,1.0,4,feat,2025-06-27T17:46:57Z
BeehiveInnovations/zen-mcp-server,62,AI,6.0,1,fix,2025-06-16T15:12:16Z
BeehiveInnovations/zen-mcp-server,2,Human,7.0,1,fix,2025-06-09T17:47:53Z
mlflow/mlflow,16758,AI,6.0,2,feat,2025-07-18T05:37:50Z
mlflow/mlflow,16340,Human,2.0,3,feat,2025-06-23T02:15:18Z
mlflow/mlflow,16442,AI,2.7308,26,feat,2025-06-26T08:13:59Z
mlflow/mlflow,16125,Human,2.0,1,feat,2025-06-06T22:33:51Z
567-labs/instructor,1729,AI,6.0,1,fix,2025-07-19T04:07:45Z
567-labs/instructor,1625,Human,11.0,2,fix,2025-06-20T19:15:47Z
elizaOS/eliza,4935,AI,13.0,1,fix,2025-06-05T08:55:15Z
elizaOS/eliza,4962,Human,9.0,1,fix,2025-06-06T05:30:27Z
busser/tfautomv,107,AI,2.0,1,feat,2025-06-06T10:21:58Z
busser/tfautomv,113,Human,6.0,1,feat,2025-06-06T13:58:41Z
mlflow/mlflow,16658,AI,1.3333,3,feat,2025-07-11T05:13:35Z
mlflow/mlflow,16271,Human,2.0,1,feat,2025-06-16T15:45:11Z
liam-hq/liam,2156,AI,2.0,1,feat,2025-06-25T08:17:47Z
liam-hq/liam,2231,Human,11.0,1,feat,2025-06-27T06:20:26Z
elizaOS/eliza,5489,AI,3.0,1,feat,2025-07-09T06:44:01Z
elizaOS/eliza,5186,Human,8.0,3,feat,2025-06-24T16:24:30Z
remotion-dev/remotion,5463,AI,5.0,1,feat,2025-06-26T10:07:38Z
remotion-dev/remotion,5349,Human,9.0,1,feat,2025-06-03T13:05:04Z
microsoft/perfview,2232,AI,3.5,2,fix,2025-06-20T17:17:41Z
microsoft/perfview,2201,Human,2.6667,3,fix,2025-05-15T18:31:00Z
mlflow/mlflow,15993,AI,8.0,1,fix,2025-05-31T12:34:38Z
mlflow/mlflow,15809,Human,6.0,1,fix,2025-05-20T08:44:16Z
rqlite/rqlite,2112,AI,4.0,9,feat,2025-06-18T00:51:43Z
rqlite/rqlite,2126,Human,4.0,1,feat,2025-06-27T11:57:15Z
mlflow/mlflow,16080,AI,2.7143,21,feat,2025-06-05T16:11:21Z
mlflow/mlflow,16059,Human,3.0,1,feat,2025-06-04T07:47:38Z
mlflow/mlflow,16191,AI,3.75,4,fix,2025-06-11T04:46:17Z
mlflow/mlflow,15746,Human,6.0,1,fix,2025-05-15T09:54:46Z
remotion-dev/remotion,5371,AI,4.5,2,feat,2025-06-16T16:29:22Z
remotion-dev/remotion,5438,Human,2.2,5,feat,2025-06-20T08:56:44Z
dotnet/aspire,9995,AI,5.0,1,feat,2025-06-24T22:31:00Z
dotnet/aspire,9779,Human,2.6667,6,feat,2025-06-11T02:42:19Z
remotion-dev/remotion,5400,AI,2.0,1,feat,2025-06-17T13:44:03Z
remotion-dev/remotion,5420,Human,3.2857,7,feat,2025-06-20T08:57:06Z
mlflow/mlflow,15839,AI,8.0,3,feat,2025-05-29T02:58:31Z
mlflow/mlflow,15834,Human,2.0,42,feat,2025-05-22T13:28:40Z
microsoft/typescript-go,1142,AI,2.2857,7,fix,2025-06-16T23:26:55Z
microsoft/typescript-go,1204,Human,2.0,1,fix,2025-06-16T22:24:05Z
dotnet/macios,22840,AI,2.9226,155,feat,2025-07-16T15:05:40Z
dotnet/macios,23044,Human,5.5,2,feat,2025-06-13T19:19:54Z
microsoft/Olive,1907,AI,6.5,2,feat,2025-06-19T01:29:37Z
microsoft/Olive,1922,Human,5.0,1,feat,2025-06-19T18:15:06Z
microsoft/ApplicationInsights-JS,2535,AI,2.0,1,fix,2025-05-22T01:09:46Z
microsoft/ApplicationInsights-JS,2514,Human,2.3462,26,fix,2025-05-03T00:33:36Z
dotnet/aspnetcore,62004,AI,2.0,3,fix,2025-05-20T19:18:06Z
dotnet/aspnetcore,62087,Human,3.0,1,fix,2025-05-23T20:20:04Z
dotnet/aspire,10064,AI,2.7183,252,fix,2025-06-30T20:40:20Z
dotnet/aspire,9958,Human,2.0,5,fix,2025-06-19T22:24:54Z
dotnet/runtime,116042,AI,7.5,2,fix,2025-05-30T06:27:16Z
dotnet/runtime,115528,Human,2.0,1,fix,2025-05-22T23:27:50Z
mlflow/mlflow,15856,AI,1.8707,147,feat,2025-06-04T04:08:45Z
mlflow/mlflow,15985,Human,7.0,3,feat,2025-06-03T02:14:50Z
go-vikunja/vikunja,1154,AI,7.0,1,fix,2025-07-22T08:59:12Z
go-vikunja/vikunja,1036,Human,14.5,2,fix,2025-06-27T06:11:04Z
dotnet/aspire,9753,AI,5.0,1,feat,2025-06-08T02:51:33Z
dotnet/aspire,9191,Human,2.4286,7,feat,2025-05-09T06:14:12Z
mlflow/mlflow,16533,AI,3.0,1,fix,2025-07-02T12:52:20Z
mlflow/mlflow,16103,Human,3.0,1,fix,2025-06-06T09:34:02Z
dotnet/runtime,116817,AI,3.0,1,fix,2025-06-25T15:54:43Z
dotnet/runtime,116171,Human,4.0,1,fix,2025-06-04T21:44:57Z
dotnet/aspire,9776,AI,4.0,1,fix,2025-06-10T03:18:47Z
dotnet/aspire,9369,Human,2.0,1,fix,2025-05-16T22:49:56Z
dotnet/aspire,9815,AI,4.0,1,fix,2025-06-11T08:55:38Z
dotnet/aspire,9264,Human,2.0,1,fix,2025-05-13T01:41:02Z
remotion-dev/remotion,5451,AI,4.0,1,feat,2025-06-21T07:54:02Z
remotion-dev/remotion,5337,Human,3.0,1,feat,2025-06-03T10:02:17Z
microsoft/TypeScript,61927,AI,23.0,1,fix,2025-06-25T21:29:03Z
microsoft/TypeScript,61928,Human,2.2921,89,fix,2025-06-25T22:37:21Z
openops-cloud/openops,666,AI,5.0,1,feat,2025-05-22T15:14:14Z
openops-cloud/openops,510,Human,3.75,4,feat,2025-04-28T13:48:00Z
microsoft/typespec,7927,AI,2.9138,3063,fix,2025-07-16T06:34:37Z
microsoft/typespec,7669,Human,2.0,5,fix,2025-06-17T09:51:02Z
dotnet/aspire,9509,AI,4.0,1,fix,2025-05-26T08:38:21Z
dotnet/aspire,8995,Human,2.0,2,fix,2025-04-28T15:27:38Z
nkdAgility/azure-devops-migration-tools,2748,AI,1.0,2,fix,2025-06-16T16:41:18Z
nkdAgility/azure-devops-migration-tools,2860,Human,3.0,1,fix,2025-06-27T11:12:20Z
microsoft/typescript-go,1339,AI,4.0,1,fix,2025-07-08T20:49:26Z
microsoft/typescript-go,1260,Human,5.0,3,fix,2025-06-24T04:42:31Z
remotion-dev/remotion,5417,AI,2.0,1,feat,2025-06-18T16:05:04Z
remotion-dev/remotion,5301,Human,1.375,8,feat,2025-05-20T06:10:55Z
dotnet/aspire,9872,AI,3.0,1,fix,2025-06-16T00:22:06Z
dotnet/aspire,10104,Human,2.0,1,fix,2025-06-28T01:14:10Z
microsoft/perfview,2212,AI,4.0,1,fix,2025-05-30T21:39:52Z
microsoft/perfview,2233,Human,1.0,1,fix,2025-06-19T22:24:16Z
dotnet/aspire,9814,AI,7.0,1,fix,2025-06-11T09:22:53Z
dotnet/aspire,10095,Human,0.9672,61,fix,2025-06-27T23:41:30Z
remotion-dev/remotion,5443,AI,4.625,8,feat,2025-06-20T13:02:36Z
remotion-dev/remotion,5338,Human,4.0,1,feat,2025-06-02T12:28:28Z
Azure/azure-rest-api-specs,34999,AI,3.875,8,feat,2025-05-30T20:24:09Z
Azure/azure-rest-api-specs,35017,Human,4.0,1,feat,2025-06-03T22:56:41Z
mlflow/mlflow,15865,AI,15.0,1,feat,2025-05-23T16:46:51Z
mlflow/mlflow,15902,Human,4.0,1,feat,2025-05-28T05:01:26Z
xtermjs/xterm.js,5346,AI,1.0,2,fix,2025-05-31T13:59:41Z
xtermjs/xterm.js,5358,Human,1.6667,3,fix,2025-06-18T13:17:47Z
MikePopoloski/slang,1372,AI,3.0,1,fix,2025-05-24T10:44:26Z
MikePopoloski/slang,1348,Human,3.25,4,fix,2025-05-06T23:36:48Z
microsoft/vs-threading,1467,AI,3.0,1,fix,2025-06-11T15:14:48Z
microsoft/vs-threading,1472,Human,2.0,1,fix,2025-06-20T13:35:28Z
nkdAgility/azure-devops-migration-tools,2749,AI,1.125,8,fix,2025-06-16T12:33:31Z
nkdAgility/azure-devops-migration-tools,2854,Human,2.25,4,fix,2025-06-26T16:16:45Z
celestiaorg/celestia-core,2147,AI,14.0,2,fix,2025-07-14T09:48:56Z
celestiaorg/celestia-core,1997,Human,3.5,2,fix,2025-06-12T11:52:36Z
Azure/azure-sdk-for-js,34981,AI,3.0,2,feat,2025-07-14T22:19:57Z
Azure/azure-sdk-for-js,34768,Human,2.0,2,feat,2025-06-10T15:46:26Z
elsa-workflows/elsa-core,6687,AI,2.0,1,fix,2025-05-24T21:33:37Z
elsa-workflows/elsa-core,6736,Human,1.0,1,fix,2025-06-13T06:30:02Z
dotnet/aspire,9458,AI,1.625,8,fix,2025-05-22T07:50:20Z
dotnet/aspire,8985,Human,4.0,1,fix,2025-04-28T16:53:21Z
dotnet/macios,23043,AI,2.72,25,feat,2025-07-10T14:51:46Z
dotnet/macios,22811,Human,2.1667,132,feat,2025-05-19T15:50:28Z
dotnet/runtime,117374,AI,2.3097,113,feat,2025-07-09T21:00:41Z
dotnet/runtime,116750,Human,2.3077,221,feat,2025-06-20T22:15:42Z
celestiaorg/celestia-core,2062,AI,2.6667,6,fix,2025-06-30T15:44:31Z
celestiaorg/celestia-core,2054,Human,10.6,5,fix,2025-06-24T11:30:02Z
Azure/azure-sdk-for-net,50539,AI,6.0,1,fix,2025-06-12T19:21:23Z
Azure/azure-sdk-for-net,50035,Human,2.875,8,fix,2025-05-14T15:56:47Z
Azure/azure-sdk-for-python,41310,AI,2.0,1,fix,2025-05-27T22:57:52Z
Azure/azure-sdk-for-python,41223,Human,4.0,1,fix,2025-05-20T18:43:20Z
dotnet/maui,30113,AI,3.0,13,fix,2025-06-22T06:38:30Z
dotnet/maui,29694,Human,2.4,10,fix,2025-06-13T10:45:54Z
dotnet/aspire,9498,AI,7.0,1,fix,2025-05-27T04:24:40Z
dotnet/aspire,9159,Human,15.0,1,fix,2025-05-16T18:20:58Z
mlflow/mlflow,16001,Human,4.0,1,fix,2025-06-02T04:12:39Z
dotnet/aspire,9597,AI,2.0,2,feat,2025-06-02T09:57:11Z
dotnet/aspire,9108,Human,3.0,4,feat,2025-05-06T00:27:27Z
dotnet/aspire,9400,AI,2.0,1,feat,2025-05-20T02:47:48Z
dotnet/aspire,8892,Human,2.5,4,feat,2025-04-22T05:37:56Z
microsoft/typescript-go,1141,AI,2.048,125,feat,2025-06-12T15:33:07Z
microsoft/typescript-go,1290,Human,2.3553,380,feat,2025-06-27T22:08:39Z
CapSoftware/Cap,717,AI,4.0,1,fix,2025-07-03T17:59:47Z
CapSoftware/Cap,684,Human,3.0,1,fix,2025-06-24T14:20:53Z
Azure/azure-sdk-for-python,41852,AI,9.0,1,fix,2025-07-14T23:53:14Z
Azure/azure-sdk-for-python,41403,Human,2.0,1,fix,2025-06-04T22:59:36Z
mlflow/mlflow,15987,AI,3.0,1,fix,2025-06-03T00:38:59Z
mlflow/mlflow,15733,Human,3.0,1,fix,2025-05-15T10:01:56Z
objectionary/eo,4280,AI,6.0,1,fix,2025-06-20T05:20:37Z
mlflow/mlflow,16367,AI,7.0,1,fix,2025-06-21T11:09:35Z
mlflow/mlflow,15859,Human,6.0,1,fix,2025-05-26T07:54:16Z
microsoft/typespec,7760,AI,6.0,1,feat,2025-06-30T17:45:05Z
microsoft/typespec,7766,Human,2.0,1,feat,2025-06-26T23:42:47Z
mlflow/mlflow,15926,AI,3.0,1,fix,2025-05-28T08:27:28Z
mlflow/mlflow,15786,Human,12.0,1,fix,2025-05-20T15:11:24Z
mlflow/mlflow,15996,AI,2.0,2,fix,2025-06-02T00:51:01Z
mlflow/mlflow,15807,Human,3.0,2,fix,2025-05-21T14:05:58Z
unibeck/solstatus,65,AI,5.0,2,feat,2025-05-22T01:47:12Z
unibeck/solstatus,41,Human,4.0,1,feat,2025-04-29T13:48:08Z
dotnet/aspire,9620,AI,3.0,2,feat,2025-06-02T00:28:17Z
dotnet/aspire,9133,Human,3.0,5,feat,2025-05-07T06:22:17Z
nkdAgility/azure-devops-migration-tools,2754,AI,1.0,1,feat,2025-06-16T16:12:00Z
nkdAgility/azure-devops-migration-tools,2743,Human,2.0476,84,feat,2025-06-16T13:08:56Z
microsoft/typespec,7481,AI,2.0,1,fix,2025-05-29T00:04:26Z
microsoft/typespec,7222,Human,2.0,1,fix,2025-05-05T03:44:19Z
Azure/azure-rest-api-specs,35251,AI,1.1008,496,feat,2025-06-20T15:22:33Z
Azure/azure-rest-api-specs,35210,Human,14.0,3,feat,2025-06-19T01:25:57Z
mlflow/mlflow,16221,AI,2.0,3,fix,2025-06-12T09:34:30Z
mlflow/mlflow,15743,Human,6.0,1,fix,2025-05-15T01:34:27Z
DaveSkender/Stock.Indicators,1355,AI,3.0,1,fix,2025-06-04T08:02:22Z
DaveSkender/Stock.Indicators,1357,Human,4.0,1,fix,2025-06-04T08:25:35Z
dotnet/maui,30503,AI,3.0,1,fix,2025-07-09T08:54:08Z
dotnet/maui,30107,Human,3.0,2,fix,2025-06-21T20:33:30Z
mlflow/mlflow,16265,AI,2.0,1,fix,2025-06-16T01:42:11Z
mlflow/mlflow,15810,Human,4.0,1,fix,2025-05-21T00:21:29Z
Azure/azure-sdk-for-python,41492,AI,2.0,1,fix,2025-06-10T18:57:25Z
Azure/azure-sdk-for-python,41102,Human,3.0,1,fix,2025-05-14T22:15:10Z
microsoft/typescript-go,1401,AI,6.0,1,fix,2025-07-22T16:46:34Z
microsoft/typescript-go,1276,Human,4.0,1,fix,2025-06-24T16:53:25Z
Azure/azure-rest-api-specs,34868,AI,5.0,1,feat,2025-05-22T18:48:09Z
Azure/azure-rest-api-specs,34769,Human,10.0,2,feat,2025-05-21T20:56:24Z
huggingface/huggingface.js,1489,AI,5.0,1,feat,2025-05-26T07:11:31Z
huggingface/huggingface.js,1396,Human,6.0,1,feat,2025-04-29T14:45:45Z
microsoft/Microsoft365DSC,6240,AI,5.7778,9,feat,2025-07-04T11:28:17Z
microsoft/Microsoft365DSC,6150,Human,199.5,2,feat,2025-06-05T17:58:39Z
stanfordnlp/dspy,8248,AI,3.0,1,fix,2025-05-20T22:24:10Z
stanfordnlp/dspy,8337,Human,3.6667,6,fix,2025-06-06T20:29:17Z
CapSoftware/Cap,567,AI,3.6667,12,feat,2025-05-23T17:14:58Z
CapSoftware/Cap,520,Human,9.0,1,feat,2025-05-08T07:59:59Z
OpenHFT/Chronicle-Wire,1196,AI,1.6667,3,fix,2025-06-03T12:07:17Z
OpenHFT/Chronicle-Wire,1203,Human,4.0,1,fix,2025-06-16T17:58:06Z
metacraft-labs/codetracer,205,AI,3.5,2,feat,2025-06-06T13:44:41Z
metacraft-labs/codetracer,223,Human,2.0,5,feat,2025-06-12T14:40:22Z
Kanaries/graphic-walker,466,AI,2.4444,9,feat,2025-06-03T07:45:00Z
Kanaries/graphic-walker,461,Human,5.0,1,feat,2025-05-30T08:28:18Z
mtrojnar/osslsigncode,448,AI,5.6,5,fix,2025-06-20T12:06:06Z
mtrojnar/osslsigncode,435,Human,9.0,1,fix,2025-05-27T08:17:03Z
selfxyz/self,702,AI,5.0,2,fix,2025-06-29T20:30:19Z
selfxyz/self,690,Human,4.0,1,fix,2025-06-27T15:19:07Z
featureform/enrichmcp,48,AI,6.0,4,fix,2025-06-12T16:03:15Z
featureform/enrichmcp,98,Human,5.6667,3,fix,2025-06-26T19:07:39Z
rsyslog/rsyslog,5674,AI,2.0,6,fix,2025-06-09T16:31:25Z
rsyslog/rsyslog,5720,Human,5.0,1,fix,2025-06-18T07:21:38Z
prebid/Prebid.js,13601,AI,2.6667,3,fix,2025-07-15T13:24:27Z
prebid/Prebid.js,13391,Human,2.0,2,fix,2025-06-16T10:06:35Z
featureform/enrichmcp,49,AI,3.5,6,fix,2025-06-12T16:15:44Z
featureform/enrichmcp,92,Human,2.0,1,fix,2025-06-24T17:47:39Z
elixir-lsp/vscode-elixir-ls,481,AI,3.5,2,fix,2025-06-16T11:20:47Z
elixir-lsp/vscode-elixir-ls,476,Human,3.0,1,fix,2025-06-11T22:08:42Z
joshuafuller/ATAK-Maps,46,AI,1.0,2,feat,2025-05-17T02:14:04Z
joshuafuller/ATAK-Maps,57,Human,0.4,5,feat,2025-05-19T22:47:34Z
bionic-gpt/bionic-gpt,954,AI,2.0,1,fix,2025-07-28T06:33:54Z
bionic-gpt/bionic-gpt,893,Human,2.0,1,fix,2025-06-28T13:52:09Z
obi1kenobi/cargo-semver-checks,1306,AI,31.0,1,feat,2025-06-18T05:15:11Z
obi1kenobi/cargo-semver-checks,1336,Human,2.0,1,feat,2025-06-21T15:08:25Z
onlook-dev/onlook,2088,AI,3.0,2,fix,2025-06-06T19:20:28Z
onlook-dev/onlook,2103,Human,4.2857,7,fix,2025-06-08T00:09:17Z
gluesql/gluesql,1654,AI,2.0,1,fix,2025-06-23T00:44:45Z
gluesql/gluesql,1645,Human,8.0,1,fix,2025-06-19T07:29:19Z
dust-tt/dust,12866,AI,2.0,1,feat,2025-05-22T14:56:48Z
dust-tt/dust,12562,Human,17.0,1,feat,2025-05-14T09:15:40Z
metacraft-labs/codetracer,224,AI,7.25,8,feat,2025-06-12T11:18:32Z
metacraft-labs/codetracer,186,Human,4.5,2,feat,2025-06-04T14:50:20Z
bionic-gpt/bionic-gpt,800,AI,2.0,1,fix,2025-06-07T15:34:31Z
bionic-gpt/bionic-gpt,764,Human,10.0,5,fix,2025-05-16T14:15:24Z
temporalio/sdk-go,1959,AI,4.0,11,fix,2025-05-27T21:39:45Z
temporalio/sdk-go,1974,Human,9.0,1,fix,2025-06-17T16:29:13Z
go-vikunja/vikunja,1005,AI,2.0,1,fix,2025-06-24T10:45:18Z
go-vikunja/vikunja,987,Human,13.5,2,fix,2025-06-20T13:41:20Z
Skyvern-AI/skyvern,2529,AI,1.9744,39,feat,2025-05-29T22:06:31Z
Skyvern-AI/skyvern,2750,Human,10.0,1,feat,2025-06-22T03:27:07Z
metacraft-labs/codetracer,190,AI,5.0,1,feat,2025-06-04T18:17:14Z
metacraft-labs/codetracer,182,Human,1.3333,3,feat,2025-06-04T12:53:25Z
syntasso/kratix,499,AI,6.1111,9,fix,2025-06-05T09:00:15Z
syntasso/kratix,529,Human,3.0,1,fix,2025-06-16T11:11:01Z
roboflow/inference,1319,AI,1.2308,13,fix,2025-05-29T15:57:36Z
roboflow/inference,1331,Human,5.6,5,fix,2025-06-06T11:21:58Z
zenml-io/zenml,3677,AI,2.0,2,fix,2025-05-20T07:31:01Z
zenml-io/zenml,3641,Human,4.0,1,fix,2025-05-06T08:48:10Z
janbjorge/pgqueuer,398,AI,2.0,1,fix,2025-06-04T07:13:22Z
janbjorge/pgqueuer,401,Human,5.0,5,fix,2025-06-08T11:10:54Z
bionic-gpt/bionic-gpt,891,AI,2.5,2,feat,2025-06-28T12:18:33Z
bionic-gpt/bionic-gpt,895,Human,2.0,2,feat,2025-06-28T14:51:15Z
openai/codex,998,AI,7.0,1,feat,2025-05-17T23:13:12Z
openai/codex,769,Human,7.3043,23,feat,2025-05-10T01:11:32Z
leoafarias/fvm,849,AI,2.0,1,fix,2025-06-06T16:13:24Z
leoafarias/fvm,879,Human,1.0,1,fix,2025-06-11T23:17:32Z
onlook-dev/onlook,2341,AI,4.5,2,feat,2025-07-03T06:24:45Z
onlook-dev/onlook,2288,Human,3.5,4,feat,2025-06-27T18:14:26Z
OpenHFT/Java-Thread-Affinity,157,AI,3.0,2,fix,2025-05-22T15:24:29Z
OpenHFT/Java-Thread-Affinity,181,Human,8.0,1,fix,2025-06-03T10:13:16Z
onlook-dev/onlook,2074,AI,3.6667,3,feat,2025-06-06T22:27:18Z
onlook-dev/onlook,1839,Human,3.6667,3,feat,2025-05-15T06:55:12Z
gridaco/grida,342,AI,2.0,1,feat,2025-05-20T14:57:25Z
gridaco/grida,383,Human,2.0,1,feat,2025-06-21T06:27:23Z
peass-ng/PEASS-ng,476,AI,2.0,1,fix,2025-06-24T23:59:43Z
peass-ng/PEASS-ng,482,Human,1.0,1,fix,2025-06-24T23:55:48Z
featureform/enrichmcp,54,AI,2.6667,3,feat,2025-06-12T17:17:29Z
featureform/enrichmcp,90,Human,3.8,5,feat,2025-06-24T17:41:05Z
wizarrrr/wizarr,578,AI,3.6667,3,feat,2025-06-05T12:10:33Z
wizarrrr/wizarr,614,Human,5.5,2,feat,2025-06-10T19:07:37Z
writer/writer-framework,888,AI,2.0,1,fix,2025-05-28T10:58:49Z
writer/writer-framework,857,Human,13.0,1,fix,2025-05-07T13:20:20Z
featureform/enrichmcp,93,AI,4.7333,15,feat,2025-06-24T17:47:52Z
EricLBuehler/mistral.rs,1453,AI,7.0,1,feat,2025-06-10T08:32:52Z
EricLBuehler/mistral.rs,1416,Human,2.0,1,feat,2025-06-03T13:17:50Z
bionic-gpt/bionic-gpt,829,AI,2.6667,3,feat,2025-06-14T08:13:59Z
bionic-gpt/bionic-gpt,890,Human,2.0,2,feat,2025-06-28T11:09:05Z
bionic-gpt/bionic-gpt,903,AI,2.0769,13,feat,2025-06-30T05:12:32Z
bionic-gpt/bionic-gpt,774,Human,4.75,4,feat,2025-06-01T08:58:22Z
metacraft-labs/codetracer,235,AI,26.0,1,feat,2025-06-25T16:21:59Z
metacraft-labs/codetracer,211,Human,5.0,4,feat,2025-06-09T14:16:59Z
AgentOps-AI/agentops,1065,AI,10.0,1,fix,2025-06-12T01:58:04Z
AgentOps-AI/agentops,981,Human,4.5,2,fix,2025-05-15T19:47:53Z
featureform/enrichmcp,147,AI,1.0,1,feat,2025-07-14T07:56:01Z
featureform/enrichmcp,75,Human,2.0,1,feat,2025-06-19T15:11:03Z
PriorLabs/TabPFN,343,AI,3.0,1,fix,2025-06-26T07:22:49Z
PriorLabs/TabPFN,347,Human,3.0,1,fix,2025-06-27T09:30:01Z
PriorLabs/TabPFN,345,AI,3.0,1,fix,2025-06-26T07:22:11Z
PriorLabs/TabPFN,332,Human,3.0,1,fix,2025-06-22T20:00:35Z
seasonedcc/remix-forms,359,AI,3.0,1,fix,2025-05-27T10:55:26Z
seasonedcc/remix-forms,360,Human,2.1667,18,fix,2025-05-27T11:24:11Z
bruin-data/bruin,865,AI,1.5,2,feat,2025-07-02T13:38:36Z
bruin-data/bruin,764,Human,36.0,1,feat,2025-06-11T10:49:35Z
go-vikunja/vikunja,908,AI,2.3333,3,feat,2025-07-18T21:18:04Z
go-vikunja/vikunja,774,Human,5.0,1,feat,2025-05-15T09:51:26Z
gridaco/grida,359,AI,7.0,3,feat,2025-05-30T07:43:18Z
gridaco/grida,349,Human,5.0,1,feat,2025-05-21T16:11:29Z
rainbow-me/rainbowkit,2457,AI,3.0,1,feat,2025-06-16T03:13:42Z
rainbow-me/rainbowkit,2400,Human,2.0,1,feat,2025-05-27T16:51:57Z
rainbow-me/rainbowkit,2452,AI,2.0,1,fix,2025-06-13T04:30:26Z
rainbow-me/rainbowkit,2443,Human,1.0,1,fix,2025-06-11T21:44:29Z
thirdweb-dev/js,7182,AI,1.5,2,feat,2025-05-28T08:14:14Z
thirdweb-dev/js,7459,Human,2.6667,3,feat,2025-06-27T16:52:33Z
featureform/enrichmcp,57,AI,5.1667,6,feat,2025-06-12T17:42:45Z
featureform/enrichmcp,47,Human,4.0,1,feat,2025-06-12T17:46:58Z
lollipopkit/flutter_server_box,775,AI,5.0,7,feat,2025-06-05T00:53:00Z
lollipopkit/flutter_server_box,747,Human,3.9412,17,feat,2025-05-12T20:57:37Z
kubetail-org/kubetail,381,AI,2.0,5,feat,2025-06-05T12:02:11Z
kubetail-org/kubetail,267,Human,6.0,1,feat,2025-05-09T10:54:47Z
bionic-gpt/bionic-gpt,952,AI,3.0,2,fix,2025-07-24T08:59:11Z
bionic-gpt/bionic-gpt,887,Human,2.0,1,fix,2025-06-27T09:59:25Z
metacraft-labs/codetracer,196,AI,4.0,4,feat,2025-06-05T16:00:45Z
metacraft-labs/codetracer,179,Human,2.2,5,feat,2025-06-03T17:06:05Z
Significant-Gravitas/AutoGPT,9921,Human,7.1429,7,fix,2025-05-09T07:09:38Z
Veloera/Veloera,96,AI,10.0,1,fix,2025-06-15T09:55:57Z
Veloera/Veloera,73,Human,2.3333,3,fix,2025-06-04T11:35:18Z
tinygrad/tinygrad,10377,AI,1.0,1,fix,2025-05-17T23:39:14Z
tinygrad/tinygrad,10074,Human,5.0,1,fix,2025-04-27T17:17:22Z
gridaco/grida,385,AI,6.25,8,feat,2025-06-10T15:11:33Z
gridaco/grida,334,Human,3.0,2,feat,2025-05-18T11:03:50Z
bionic-gpt/bionic-gpt,906,AI,2.3333,3,fix,2025-07-01T06:53:41Z
bionic-gpt/bionic-gpt,807,Human,3.1429,7,fix,2025-06-10T10:50:36Z
bionic-gpt/bionic-gpt,870,AI,3.0,3,fix,2025-06-22T08:49:28Z
bionic-gpt/bionic-gpt,804,Human,5.0,1,fix,2025-06-07T21:14:24Z
leonardsellem/n8n-mcp-server,30,AI,2.0,1,fix,2025-06-04T08:06:10Z
leonardsellem/n8n-mcp-server,24,Human,2.0,3,fix,2025-06-03T14:19:39Z
openai/openai-agents-python,872,AI,2.5,2,fix,2025-06-16T14:50:20Z
openai/openai-agents-python,950,Human,2.0,3,fix,2025-06-27T15:24:10Z
amantus-ai/vibetunnel,322,AI,6.0,1,feat,2025-07-12T21:23:28Z
amantus-ai/vibetunnel,18,Human,3.5,2,feat,2025-06-18T21:38:11Z
unsend-dev/unsend,164,AI,2.2667,15,feat,2025-05-19T11:55:10Z
unsend-dev/unsend,157,Human,2.6667,3,feat,2025-05-06T12:00:50Z
thirdweb-dev/js,7090,AI,3.0,1,feat,2025-05-23T04:14:30Z
thirdweb-dev/js,6859,Human,5.0,1,feat,2025-04-25T16:11:45Z
rainbow-me/rainbowkit,2438,AI,2.0,1,feat,2025-06-11T19:20:18Z
rainbow-me/rainbowkit,2428,Human,3.0,2,feat,2025-06-05T05:52:32Z
elizaOS/eliza,4689,AI,17.8,5,feat,2025-05-21T09:07:43Z
elizaOS/eliza,4575,Human,3.0,1,feat,2025-05-18T12:23:51Z
analogdotnow/Analog,121,AI,1.8333,12,feat,2025-06-30T15:20:35Z
analogdotnow/Analog,147,Human,2.5,6,feat,2025-06-25T14:09:21Z
bionic-gpt/bionic-gpt,844,AI,4.0,1,fix,2025-06-16T15:09:36Z
bionic-gpt/bionic-gpt,770,Human,4.0,1,fix,2025-05-22T12:14:22Z
skypilot-org/skypilot,5787,AI,2.0,1,fix,2025-05-28T19:30:12Z
skypilot-org/skypilot,5715,Human,11.0,1,fix,2025-05-23T22:18:38Z
badtuxx/girus-cli,102,AI,4.0571,35,feat,2025-06-07T19:12:21Z
badtuxx/girus-cli,69,Human,4.0,1,feat,2025-05-20T07:56:20Z
golang-design/clipboard,78,AI,1.0,4,fix,2025-06-07T10:13:19Z
golang-design/clipboard,82,Human,2.5,2,fix,2025-06-14T10:43:23Z
Felix3322/PotPlayer_ChatGPT_Translate,48,AI,11.0,3,fix,2025-06-06T15:54:14Z
Felix3322/PotPlayer_ChatGPT_Translate,43,Human,8.0,2,fix,2025-06-03T18:47:04Z
onlook-dev/onlook,2127,AI,5.0,1,fix,2025-06-09T19:46:21Z
onlook-dev/onlook,2282,Human,4.0,2,fix,2025-06-26T21:45:53Z
SimonHalvdansson/Harmonic-HN,212,AI,1.0,1,feat,2025-06-09T07:01:37Z
SimonHalvdansson/Harmonic-HN,211,Human,4.0,1,feat,2025-06-09T09:22:44Z
prebid/Prebid.js,13262,AI,3.0,1,fix,2025-06-04T15:33:10Z
prebid/Prebid.js,13095,Human,2.0,3,fix,2025-05-22T14:47:37Z
seasonedcc/remix-forms,310,AI,1.6667,3,fix,2025-05-20T16:12:00Z
seasonedcc/remix-forms,301,Human,2.0,1,fix,2025-05-05T18:26:26Z
metacraft-labs/codetracer,185,AI,4.5,2,feat,2025-06-04T14:49:09Z
metacraft-labs/codetracer,225,Human,3.0,3,feat,2025-06-12T14:26:59Z
promptfoo/promptfoo,4723,AI,6.0,1,feat,2025-07-02T14:13:04Z
promptfoo/promptfoo,4308,Human,4.6667,3,feat,2025-06-04T13:36:53Z
bionic-gpt/bionic-gpt,912,AI,3.3333,3,feat,2025-07-04T07:17:42Z
bionic-gpt/bionic-gpt,891,Human,2.5,2,feat,2025-06-28T12:18:33Z
pardeike/Harmony,671,AI,2.0,1,fix,2025-05-17T09:39:51Z
pardeike/Harmony,665,Human,8.0,1,fix,2025-04-19T14:25:30Z
bionic-gpt/bionic-gpt,889,AI,2.0,1,fix,2025-06-28T08:14:53Z
bionic-gpt/bionic-gpt,775,Human,2.6667,3,fix,2025-06-01T10:49:57Z
bionic-gpt/bionic-gpt,854,AI,3.0,2,feat,2025-06-19T08:54:06Z
bionic-gpt/bionic-gpt,886,Human,2.75,4,feat,2025-06-27T08:04:05Z
novuhq/novu,8538,AI,2.0,1,fix,2025-06-17T15:25:59Z
novuhq/novu,8569,Human,2.0,3,fix,2025-06-23T11:43:30Z
mediar-ai/terminator,214,AI,2.0,1,fix,2025-07-16T15:39:07Z
mediar-ai/terminator,150,Human,14.0,1,fix,2025-06-24T14:36:07Z
getsentry/sentry,93223,AI,7.0,1,feat,2025-06-10T17:23:49Z
getsentry/sentry,92762,Human,2.0,1,feat,2025-06-03T20:34:14Z
elizaOS/eliza,5529,AI,12.5,2,fix,2025-07-11T04:33:14Z
elizaOS/eliza,5297,Human,9.0,1,fix,2025-06-27T04:54:40Z
risingwavelabs/risingwave,22088,AI,4.0,1,fix,2025-06-04T06:51:04Z
risingwavelabs/risingwave,21968,Human,2.0,1,fix,2025-05-22T12:08:38Z
getsentry/sentry,94261,AI,4.0,1,fix,2025-06-25T13:54:58Z
getsentry/sentry,94465,Human,2.0,1,fix,2025-06-26T19:57:23Z
tokens-studio/figma-plugin,3395,AI,2.0,2,fix,2025-05-31T17:51:42Z
tokens-studio/figma-plugin,3344,Human,1.0,1,fix,2025-05-12T10:57:56Z
novuhq/novu,8701,AI,2.5882,17,feat,2025-07-16T07:22:14Z
novuhq/novu,8582,Human,5.0,1,feat,2025-06-25T12:51:00Z
getsentry/sentry,93946,AI,6.0,1,fix,2025-06-20T17:42:08Z
getsentry/sentry,92785,Human,2.0,3,fix,2025-06-05T18:13:54Z
OpenPipe/ART,161,AI,3.0,1,feat,2025-06-24T07:25:32Z
OpenPipe/ART,163,Human,7.0,1,feat,2025-06-26T17:02:36Z
langfuse/langfuse,7486,AI,3.8824,17,feat,2025-06-24T18:08:43Z
langfuse/langfuse,7541,Human,2.5,2,feat,2025-06-27T11:23:38Z
Codehagen/Badget,293,AI,2.0,1,feat,2025-07-01T11:53:12Z
Codehagen/Badget,290,Human,3.0,5,feat,2025-06-25T16:27:10Z
mediar-ai/terminator,189,AI,6.0,1,fix,2025-07-11T02:26:23Z
mediar-ai/terminator,135,Human,4.0,1,fix,2025-06-21T16:18:17Z
keephq/keep,5101,AI,3.0,1,fix,2025-06-25T19:53:39Z
keephq/keep,5037,Human,2.5,2,fix,2025-06-17T07:17:27Z
Codehagen/Badget,295,AI,6.0,2,feat,2025-07-03T08:17:34Z
Codehagen/Badget,291,Human,1.4286,14,feat,2025-06-26T06:04:47Z
JhumanJ/OpnForm,788,AI,4.6,5,feat,2025-06-24T10:07:00Z
JhumanJ/OpnForm,794,Human,2.0,1,feat,2025-06-26T09:40:57Z
novuhq/novu,8548,AI,3.5,2,feat,2025-06-19T10:57:00Z
novuhq/novu,8478,Human,2.0517,58,feat,2025-06-10T19:20:59Z
elie222/inbox-zero,494,AI,3.3333,12,feat,2025-06-12T20:26:44Z
elie222/inbox-zero,445,Human,7.0,4,feat,2025-05-24T18:27:23Z
tokens-studio/figma-plugin,3394,AI,1.5333,45,fix,2025-06-25T12:57:15Z
tokens-studio/figma-plugin,3438,Human,3.4,5,fix,2025-06-26T06:58:14Z
formbricks/formbricks,6085,AI,2.0,1,fix,2025-06-26T06:51:00Z
formbricks/formbricks,5931,Human,5.0,1,fix,2025-06-11T05:19:40Z
mediar-ai/terminator,162,AI,1.625,8,feat,2025-07-01T18:23:20Z
mediar-ai/terminator,98,Human,3.0,1,feat,2025-06-10T00:23:24Z
tldraw/tldraw,6284,AI,3.5,2,feat,2025-06-19T13:51:20Z
tldraw/tldraw,6242,Human,3.0,1,feat,2025-06-12T10:50:08Z
novuhq/novu,8443,AI,3.0,1,fix,2025-06-04T16:33:10Z
novuhq/novu,8273,Human,3.0,1,fix,2025-05-11T12:27:03Z
567-labs/instructor,1627,AI,11.0,1,fix,2025-06-20T20:10:26Z
567-labs/instructor,1544,Human,3.0,1,fix,2025-05-22T16:40:54Z
sam-goodwin/alchemy,366,AI,9.5,2,feat,2025-06-12T07:14:56Z
sam-goodwin/alchemy,330,Human,2.0,2,feat,2025-06-10T21:06:45Z
rsyslog/rsyslog,5793,AI,2.0,1,fix,2025-07-15T15:40:34Z
rsyslog/rsyslog,5731,Human,1.0,1,fix,2025-06-21T13:50:42Z
mendableai/firecrawl,1742,AI,2.0,1,fix,2025-07-01T22:27:02Z
mendableai/firecrawl,1719,Human,6.0,2,fix,2025-06-27T14:28:58Z
bruin-data/bruin,825,AI,2.0,6,feat,2025-06-24T06:43:50Z
bruin-data/bruin,772,Human,5.6667,3,feat,2025-06-11T14:39:15Z
reown-com/appkit,4198,AI,11.0,1,feat,2025-04-26T12:37:40Z
reown-com/appkit,4230,Human,8.0,1,feat,2025-04-16T17:35:44Z
sam-goodwin/alchemy,239,AI,6.0,1,feat,2025-06-11T03:12:09Z
sam-goodwin/alchemy,171,Human,5.0,1,feat,2025-05-12T19:24:47Z
liam-hq/liam,1010,AI,4.0,1,fix,2025-03-27T09:39:52Z
liam-hq/liam,1150,Human,44.0,1,fix,2025-04-07T02:22:50Z
airbytehq/airbyte,53238,AI,2.0,2,feat,2025-02-08T03:30:33Z
airbytehq/airbyte,53686,Human,3.0,2,feat,2025-02-14T17:47:31Z
onyx-dot-app/onyx,3817,AI,11.0,1,feat,2025-01-29T01:28:32Z
onyx-dot-app/onyx,4126,Human,12.0,1,feat,2025-02-26T05:58:14Z
different-ai/note-companion,332,AI,2.0,1,fix,2025-02-24T18:51:03Z
different-ai/note-companion,357,Human,2.7778,9,fix,2025-03-10T23:17:40Z
GlareDB/glaredb,3577,AI,3.5,32,fix,2025-04-02T18:32:22Z
GlareDB/glaredb,3642,Human,6.0,2,fix,2025-04-13T00:20:28Z
marimo-team/marimo,3349,AI,4.0,1,fix,2025-01-06T15:18:00Z
marimo-team/marimo,3527,Human,3.0,1,fix,2025-01-21T21:23:59Z
GlareDB/glaredb,3884,AI,2.8,5,feat,2025-05-31T22:47:05Z
GlareDB/glaredb,3897,Human,2.25,4,feat,2025-06-03T16:16:49Z
different-ai/note-companion,323,AI,4.0,1,feat,2025-02-17T22:54:44Z
different-ai/note-companion,367,Human,2.092,174,feat,2025-03-22T19:06:57Z
liam-hq/liam,2069,AI,5.6,10,feat,2025-06-20T00:42:58Z
liam-hq/liam,2148,Human,30.0,1,feat,2025-06-24T03:46:55Z
liam-hq/liam,954,AI,40.0,1,feat,2025-03-25T03:50:48Z
liam-hq/liam,993,Human,6.1176,34,feat,2025-03-27T07:30:28Z
liam-hq/liam,1875,AI,24.5,2,feat,2025-06-04T03:26:23Z
liam-hq/liam,1677,Human,2.3333,3,feat,2025-05-15T04:04:38Z
onlook-dev/onlook,1481,AI,2.0,1,feat,2025-03-05T22:24:53Z
onlook-dev/onlook,1232,Human,3.0,10,feat,2025-02-03T18:30:39Z
liam-hq/liam,1945,AI,4.2,5,feat,2025-06-09T07:28:23Z
liam-hq/liam,2156,Human,2.0,1,feat,2025-06-25T08:17:47Z
GlareDB/glaredb,3769,AI,6.0,1,feat,2025-05-03T23:17:32Z
GlareDB/glaredb,3887,Human,6.6667,6,feat,2025-06-01T00:22:35Z
lingodotdev/lingo.dev,706,AI,5.0,2,fix,2025-05-02T19:52:57Z
lingodotdev/lingo.dev,792,Human,1.6667,3,fix,2025-05-21T00:52:10Z
novuhq/novu,8335,AI,2.0,1,feat,2025-05-19T18:39:26Z
novuhq/novu,8327,Human,8.0,1,feat,2025-05-19T14:04:25Z
antiwork/gumroad,221,AI,3.0,1,feat,2025-05-08T18:23:43Z
antiwork/gumroad,111,Human,7.0,1,feat,2025-04-15T00:43:08Z
yamadashy/repomix,560,AI,6.0,1,feat,2025-05-17T13:46:12Z
yamadashy/repomix,612,Human,3.0,1,feat,2025-05-28T15:29:57Z
liam-hq/liam,1916,AI,5.0,1,fix,2025-06-09T00:56:35Z
liam-hq/liam,2189,Human,8.0,1,fix,2025-06-25T05:54:15Z
goat-sdk/goat,238,AI,2.3333,3,feat,2025-01-21T11:46:20Z
goat-sdk/goat,312,Human,3.0,7,feat,2025-02-05T01:16:04Z
onlook-dev/onlook,1373,AI,2.0,1,fix,2025-02-14T20:16:54Z
onlook-dev/onlook,1284,Human,5.0,1,fix,2025-02-07T06:24:03Z
lightdash/lightdash,13224,AI,5.0,1,fix,2025-01-20T15:35:46Z
lightdash/lightdash,13306,Human,5.5,2,fix,2025-01-16T10:38:11Z
antiwork/shortest,408,AI,2.0,1,feat,2025-03-27T01:34:26Z
antiwork/shortest,407,Human,2.5,2,feat,2025-03-27T05:36:17Z
neondatabase/neon,11209,AI,2.0,1,fix,2025-03-13T10:19:01Z
neondatabase/neon,11135,Human,4.0,2,fix,2025-03-10T13:33:56Z
yamadashy/repomix,602,AI,2.0,16,feat,2025-05-26T16:38:44Z
yamadashy/repomix,527,Human,4.0,1,feat,2025-05-05T14:23:33Z
different-ai/note-companion,338,AI,2.6667,3,feat,2025-03-01T18:49:56Z
different-ai/note-companion,362,Human,2.0,1,feat,2025-03-13T16:24:50Z
calcom/cal.com,21444,AI,4.0,1,feat,2025-05-21T20:10:28Z
calcom/cal.com,21147,Human,3.3333,3,feat,2025-05-07T09:54:36Z
calcom/cal.com,22032,AI,2.0,1,feat,2025-06-25T12:21:56Z
calcom/cal.com,21622,Human,2.2,5,feat,2025-05-30T07:48:04Z
liam-hq/liam,1517,AI,9.5205,73,feat,2025-04-30T09:17:19Z
liam-hq/liam,1255,Human,9.0,1,feat,2025-04-21T04:39:41Z
GlareDB/glaredb,3892,AI,3.0,1,feat,2025-06-02T15:51:08Z
GlareDB/glaredb,3894,Human,4.25,16,feat,2025-06-02T21:57:03Z
promptfoo/promptfoo,2709,AI,2.0347,144,feat,2025-03-22T15:44:36Z
promptfoo/promptfoo,2908,Human,2.8,15,feat,2025-01-30T20:37:39Z
yamadashy/repomix,568,AI,4.0,8,feat,2025-05-18T05:03:27Z
yamadashy/repomix,534,Human,5.5,2,feat,2025-05-10T10:38:23Z
liam-hq/liam,1570,AI,2.0,1,feat,2025-05-01T07:02:08Z
liam-hq/liam,1371,Human,23.0,1,feat,2025-04-17T12:56:42Z
reown-com/appkit,4455,AI,2.6414,145,feat,2025-06-10T10:22:10Z
reown-com/appkit,4376,Human,12.0,1,feat,2025-05-21T13:21:03Z
antiwork/gumroad,663,AI,2.0,1,feat,2025-07-23T01:31:08Z
antiwork/gumroad,482,Human,3.5,2,feat,2025-06-27T16:51:59Z
lingodotdev/lingo.dev,755,AI,4.0,1,fix,2025-05-05T21:14:21Z
lingodotdev/lingo.dev,651,Human,3.0,2,fix,2025-04-22T16:20:42Z
bespokelabsai/curator,321,AI,5.0,1,feat,2025-01-07T22:20:13Z
bespokelabsai/curator,459,Human,4.7857,14,feat,2025-02-07T05:34:18Z
crewAIInc/crewAI,2588,AI,4.0,1,fix,2025-04-14T12:55:23Z
crewAIInc/crewAI,2731,Human,2.7143,7,fix,2025-04-30T17:11:35Z
onlook-dev/onlook,1450,AI,4.5,2,feat,2025-02-26T20:10:37Z
onlook-dev/onlook,1124,Human,5.0,1,feat,2025-01-27T06:49:28Z
jina-ai/node-DeepResearch,34,AI,5.5,2,fix,2025-02-06T13:51:56Z
jina-ai/node-DeepResearch,61,Human,11.5,4,fix,2025-02-13T04:33:37Z
antiwork/gumroad,419,AI,3.0,1,fix,2025-06-24T14:58:03Z
antiwork/gumroad,300,Human,2.0,1,fix,2025-06-06T07:20:24Z
goat-sdk/goat,228,AI,4.0,1,feat,2025-01-15T22:11:08Z
goat-sdk/goat,191,Human,2.1667,6,feat,2025-01-07T14:28:30Z
liam-hq/liam,2566,AI,2.0,1,fix,2025-07-16T02:02:56Z
liam-hq/liam,2050,Human,11.0,2,fix,2025-06-17T12:53:24Z
lingodotdev/lingo.dev,717,AI,2.0,1,fix,2025-05-02T21:55:12Z
lingodotdev/lingo.dev,610,Human,3.0,2,fix,2025-04-07T22:53:49Z
liam-hq/liam,2610,AI,1.0,1,fix,2025-07-18T07:40:44Z
liam-hq/liam,2113,Human,4.0,1,fix,2025-06-20T09:38:28Z
different-ai/note-companion,299,AI,4.0,1,feat,2024-12-25T08:42:23Z
different-ai/note-companion,314,Human,2.8,5,feat,2025-01-25T21:16:38Z
GlareDB/glaredb,3955,AI,11.0,1,feat,2025-06-21T17:29:23Z
GlareDB/glaredb,3899,Human,3.25,4,feat,2025-06-03T21:26:18Z
crewAIInc/crewAI,2335,AI,3.5,2,fix,2025-03-11T10:49:19Z
crewAIInc/crewAI,2155,Human,3.4706,34,fix,2025-02-25T17:29:33Z
lingodotdev/lingo.dev,931,AI,2.0,3,fix,2025-06-13T21:22:41Z
lingodotdev/lingo.dev,960,Human,1.5,2,fix,2025-06-25T10:06:27Z
crewAIInc/crewAI,2192,AI,3.6071,28,feat,2025-02-25T20:32:14Z
crewAIInc/crewAI,2231,Human,2.0,2,feat,2025-02-26T18:42:18Z
liam-hq/liam,2264,AI,3.1429,7,feat,2025-07-02T09:54:08Z
liam-hq/liam,2191,Human,40.3333,3,feat,2025-06-25T03:42:09Z
stack-auth/stack-auth,478,AI,5.5,6,feat,2025-02-26T05:34:11Z
stack-auth/stack-auth,412,Human,2.6,15,feat,2025-01-31T00:25:29Z
crewAIInc/crewAI,2369,AI,3.0,1,fix,2025-03-14T06:08:55Z
crewAIInc/crewAI,2495,Human,5.0,1,fix,2025-03-28T20:17:53Z
crewAIInc/crewAI,3060,AI,4.25,4,fix,2025-06-26T14:11:16Z
crewAIInc/crewAI,3047,Human,9.0,1,fix,2025-06-27T13:54:12Z
goat-sdk/goat,218,AI,2.0,1,feat,2025-01-13T16:15:43Z
goat-sdk/goat,250,Human,1.0,1,feat,2025-01-20T10:18:02Z
liam-hq/liam,1652,AI,9.0,1,fix,2025-05-12T06:07:22Z
liam-hq/liam,1422,Human,91.0,3,fix,2025-04-24T03:43:17Z
pdfme/pdfme,717,AI,6.0,2,feat,2025-02-15T11:30:57Z
pdfme/pdfme,678,Human,3.3333,3,feat,2025-01-18T08:12:21Z
liam-hq/liam,1338,AI,2.0,1,feat,2025-04-14T06:51:05Z
liam-hq/liam,1039,Human,3.0,1,feat,2025-04-01T03:12:21Z
GlareDB/glaredb,3550,AI,2.0,1,feat,2025-03-31T14:19:00Z
GlareDB/glaredb,3503,Human,3.0,29,feat,2025-03-25T14:44:14Z
liam-hq/liam,1541,AI,3.0,1,fix,2025-04-28T10:29:15Z
liam-hq/liam,1109,Human,16.0,1,fix,2025-04-03T09:44:20Z
liam-hq/liam,1957,AI,5.0,1,fix,2025-06-10T05:14:58Z
liam-hq/liam,1696,Human,94.5,2,fix,2025-05-19T04:27:59Z
GlareDB/glaredb,3886,AI,2.0,1,feat,2025-06-01T00:19:34Z
GlareDB/glaredb,3767,Human,2.2,5,feat,2025-05-03T21:59:01Z
goat-sdk/goat,237,AI,5.0,1,feat,2025-01-27T16:59:27Z
goat-sdk/goat,243,Human,1.0,1,feat,2025-01-24T09:13:33Z
goat-sdk/goat,174,AI,2.0,1,feat,2025-01-04T10:34:09Z
goat-sdk/goat,295,Human,20.0,1,feat,2025-02-05T00:39:22Z
airbytehq/airbyte,52664,AI,4.0,2,feat,2025-01-31T17:55:24Z
airbytehq/airbyte,51585,Human,10.0,1,feat,2025-01-22T00:49:52Z
lingodotdev/lingo.dev,759,AI,1.6667,3,feat,2025-05-06T00:31:07Z
lingodotdev/lingo.dev,778,Human,2.1429,7,feat,2025-05-15T03:44:54Z
jina-ai/node-DeepResearch,43,AI,3.875,8,fix,2025-02-07T06:17:48Z
jina-ai/node-DeepResearch,14,Human,8.0,1,fix,2025-02-05T02:39:08Z
goat-sdk/goat,204,AI,2.375,8,feat,2025-01-13T11:55:28Z
goat-sdk/goat,255,Human,7.0,4,feat,2025-01-21T09:42:48Z
elizaOS/eliza,2848,AI,10.0,1,fix,2025-01-27T13:33:20Z
elizaOS/eliza,3345,Human,1.5,2,fix,2025-02-06T23:04:29Z
goat-sdk/goat,378,AI,2.0,1,feat,2025-03-01T10:27:22Z
goat-sdk/goat,370,Human,2.0,1,feat,2025-02-28T19:45:32Z
yamadashy/repomix,566,AI,5.0,1,fix,2025-05-18T02:51:18Z
yamadashy/repomix,507,Human,4.0,1,fix,2025-04-24T14:11:39Z
stack-auth/stack-auth,570,AI,4.4286,7,feat,2025-04-04T01:41:32Z
stack-auth/stack-auth,566,Human,2.4,5,feat,2025-03-21T01:24:19Z
GlareDB/glaredb,3880,AI,4.1166,163,feat,2025-05-31T20:33:27Z
GlareDB/glaredb,3794,Human,2.0,1,feat,2025-05-11T21:46:28Z
amantus-ai/vibetunnel,165,AI,3.3333,3,feat,2025-07-01T05:24:59Z
amantus-ai/vibetunnel,33,Human,4.6667,3,feat,2025-06-20T09:52:31Z
liam-hq/liam,1599,AI,11.1029,68,feat,2025-05-09T05:42:37Z
liam-hq/liam,1367,Human,1.5,4,feat,2025-04-17T05:48:19Z
calcom/cal.com,21167,AI,6.0,1,fix,2025-05-07T18:22:28Z
calcom/cal.com,21116,Human,3.0,1,fix,2025-05-05T15:30:56Z
calcom/cal.com,20580,AI,3.0,1,feat,2025-04-11T09:58:00Z
calcom/cal.com,20114,Human,3.0,1,feat,2025-03-16T14:20:20Z
liam-hq/liam,1854,AI,3.0,1,feat,2025-06-03T03:20:54Z
liam-hq/liam,1747,Human,232.0,1,feat,2025-05-28T08:53:18Z
lingodotdev/lingo.dev,739,AI,2.0,1,feat,2025-05-04T20:44:46Z
lingodotdev/lingo.dev,686,Human,2.9286,14,feat,2025-05-02T05:12:34Z
goat-sdk/goat,223,AI,2.0,1,feat,2025-01-15T15:48:09Z
goat-sdk/goat,229,Human,3.0,1,feat,2025-01-15T17:48:52Z
